Modèle,Accuracy,Precision,Recall,F1-Score,ROC-AUC,CV F1 (mean),CV F1 (std)
Logistic Regression,0.8844444444444445,0.7575757575757576,0.8333333333333334,0.7936507936507936,0.9559595959595959,0.8157829314440945,0.03250070447420545
Random Forest,0.8977777777777778,0.8627450980392157,0.7333333333333333,0.7927927927927928,0.9508585858585858,0.7853597466363423,0.025060681010545708
SVM (RBF),0.88,0.7391304347826086,0.85,0.7906976744186046,0.952929292929293,0.803672934253337,0.03776520070897761
LightGBM,0.8888888888888888,0.8070175438596491,0.7666666666666667,0.7863247863247863,0.9398989898989898,0.7743919845165789,0.05065379978925629
XGBoost,0.8844444444444445,0.7931034482758621,0.7666666666666667,0.7796610169491526,0.9407070707070706,0.779846199940078,0.04800211352424261
Gradient Boosting,0.88,0.8235294117647058,0.7,0.7567567567567568,0.9533333333333333,0.7785919579335212,0.028625255681162348
